{
	"class_name" : "PinholeCameraParameters",
	"extrinsic" : 
	[
		0.9980699094534583,
		0.027286993781780663,
		0.055784189641140867,
		0.0,
		-0.026216207709491832,
		-0.62918122952810152,
		0.77681638169057643,
		0.0,
		0.056295348803417911,
		-0.77677950563841447,
		-0.62725149128817703,
		0.0,
		-165701.27140607266,
		-4528.1528412744383,
		-9251.2973875832904,
		1.0
	],
	"intrinsic" : 
	{
		"height" : 1080,
		"intrinsic_matrix" : 
		[
			935.30743608719399,
			0.0,
			0.0,
			0.0,
			935.30743608719399,
			0.0,
			959.5,
			539.5,
			1.0
		],
		"width" : 1920
	},
	"version_major" : 1,
	"version_minor" : 0
}